{
  "full_hybrid": {
    "mAP_50": 0.02727272727272727,
    "AR_100": 0.03391302436021458,
    "precision": 0.026299188433472006,
    "recall": 0.03391302436021458,
    "F1": 0.0296247215180149,
    "TP": 3085,
    "FP": 114219,
    "FN": 87883,
    "density_analysis": {
      "low": {
        "mAP_50": 0.011900826446280991,
        "AR_100": 0.15,
        "precision": 0.030456852791878174,
        "recall": 0.15,
        "F1": 0.05063291139240507,
        "TP": 6,
        "FP": 191,
        "FN": 34,
        "n_images": 1
      },
      "medium": {
        "mAP_50": 0.012121212121212121,
        "AR_100": 0.043784555020510076,
        "precision": 0.027659634397093204,
        "recall": 0.043784555020510076,
        "F1": 0.03390240113238163,
        "TP": 1964,
        "FP": 69042,
        "FN": 42892,
        "n_images": 356
      },
      "high": {
        "mAP_50": 0.09090909090909091,
        "AR_100": 0.02420125021705157,
        "precision": 0.024186026333485173,
        "recall": 0.02420125021705157,
        "F1": 0.024193635880355415,
        "TP": 1115,
        "FP": 44986,
        "FN": 44957,
        "n_images": 231
      }
    },
    "eval_time": 274.40945982933044
  },
  "dl_only": {
    "mAP_50": 0.0303030303030303,
    "AR_100": 0.03434174654823674,
    "precision": 0.02663188494752905,
    "recall": 0.03434174654823674,
    "F1": 0.02999937581324332,
    "TP": 3124,
    "FP": 114179,
    "FN": 87844,
    "density_analysis": {
      "low": {
        "mAP_50": 0.011900826446280991,
        "AR_100": 0.15,
        "precision": 0.030456852791878174,
        "recall": 0.15,
        "F1": 0.05063291139240507,
        "TP": 6,
        "FP": 191,
        "FN": 34,
        "n_images": 1
      },
      "medium": {
        "mAP_50": 0.01515151515151515,
        "AR_100": 0.0444087747458534,
        "precision": 0.02805357218302421,
        "recall": 0.0444087747458534,
        "F1": 0.03438543797415914,
        "TP": 1992,
        "FP": 69015,
        "FN": 42864,
        "n_images": 356
      },
      "high": {
        "mAP_50": 0.09090909090909091,
        "AR_100": 0.024440006945650287,
        "precision": 0.02442569253129135,
        "recall": 0.024440006945650287,
        "F1": 0.024432847641883023,
        "TP": 1126,
        "FP": 44973,
        "FN": 44946,
        "n_images": 231
      }
    },
    "eval_time": 270.9762272834778,
    "delta_mAP_50": 0.003030303030303029,
    "delta_AR_100": 0.0004287221880221598,
    "delta_F1": 0.00037465429522842014
  },
  "no_recalibrator": {
    "mAP_50": 0.02727272727272727,
    "AR_100": 0.03391302436021458,
    "precision": 0.026299188433472006,
    "recall": 0.03391302436021458,
    "F1": 0.0296247215180149,
    "TP": 3085,
    "FP": 114219,
    "FN": 87883,
    "density_analysis": {
      "low": {
        "mAP_50": 0.011900826446280991,
        "AR_100": 0.15,
        "precision": 0.030456852791878174,
        "recall": 0.15,
        "F1": 0.05063291139240507,
        "TP": 6,
        "FP": 191,
        "FN": 34,
        "n_images": 1
      },
      "medium": {
        "mAP_50": 0.012121212121212121,
        "AR_100": 0.043784555020510076,
        "precision": 0.027659634397093204,
        "recall": 0.043784555020510076,
        "F1": 0.03390240113238163,
        "TP": 1964,
        "FP": 69042,
        "FN": 42892,
        "n_images": 356
      },
      "high": {
        "mAP_50": 0.09090909090909091,
        "AR_100": 0.02420125021705157,
        "precision": 0.024186026333485173,
        "recall": 0.02420125021705157,
        "F1": 0.024193635880355415,
        "TP": 1115,
        "FP": 44986,
        "FN": 44957,
        "n_images": 231
      }
    },
    "eval_time": 270.56533765792847,
    "delta_mAP_50": 0.0,
    "delta_AR_100": 0.0,
    "delta_F1": 0.0
  },
  "no_spatial_attention": {
    "mAP_50": 0.0303030303030303,
    "AR_100": 0.03434174654823674,
    "precision": 0.02663188494752905,
    "recall": 0.03434174654823674,
    "F1": 0.02999937581324332,
    "TP": 3124,
    "FP": 114179,
    "FN": 87844,
    "density_analysis": {
      "low": {
        "mAP_50": 0.011900826446280991,
        "AR_100": 0.15,
        "precision": 0.030456852791878174,
        "recall": 0.15,
        "F1": 0.05063291139240507,
        "TP": 6,
        "FP": 191,
        "FN": 34,
        "n_images": 1
      },
      "medium": {
        "mAP_50": 0.01515151515151515,
        "AR_100": 0.0444087747458534,
        "precision": 0.02805357218302421,
        "recall": 0.0444087747458534,
        "F1": 0.03438543797415914,
        "TP": 1992,
        "FP": 69015,
        "FN": 42864,
        "n_images": 356
      },
      "high": {
        "mAP_50": 0.09090909090909091,
        "AR_100": 0.024440006945650287,
        "precision": 0.02442569253129135,
        "recall": 0.024440006945650287,
        "F1": 0.024432847641883023,
        "TP": 1126,
        "FP": 44973,
        "FN": 44946,
        "n_images": 231
      }
    },
    "eval_time": 270.787392616272,
    "delta_mAP_50": 0.003030303030303029,
    "delta_AR_100": 0.0004287221880221598,
    "delta_F1": 0.00037465429522842014
  },
  "no_row_model": {
    "mAP_50": 0.02727272727272727,
    "AR_100": 0.03391302436021458,
    "precision": 0.026299188433472006,
    "recall": 0.03391302436021458,
    "F1": 0.0296247215180149,
    "TP": 3085,
    "FP": 114219,
    "FN": 87883,
    "density_analysis": {
      "low": {
        "mAP_50": 0.011900826446280991,
        "AR_100": 0.15,
        "precision": 0.030456852791878174,
        "recall": 0.15,
        "F1": 0.05063291139240507,
        "TP": 6,
        "FP": 191,
        "FN": 34,
        "n_images": 1
      },
      "medium": {
        "mAP_50": 0.012121212121212121,
        "AR_100": 0.043784555020510076,
        "precision": 0.027659634397093204,
        "recall": 0.043784555020510076,
        "F1": 0.03390240113238163,
        "TP": 1964,
        "FP": 69042,
        "FN": 42892,
        "n_images": 356
      },
      "high": {
        "mAP_50": 0.09090909090909091,
        "AR_100": 0.02420125021705157,
        "precision": 0.024186026333485173,
        "recall": 0.02420125021705157,
        "F1": 0.024193635880355415,
        "TP": 1115,
        "FP": 44986,
        "FN": 44957,
        "n_images": 231
      }
    },
    "eval_time": 270.4176652431488,
    "delta_mAP_50": 0.0,
    "delta_AR_100": 0.0,
    "delta_F1": 0.0
  },
  "no_density_field": {
    "mAP_50": 0.02727272727272727,
    "AR_100": 0.03391302436021458,
    "precision": 0.026299188433472006,
    "recall": 0.03391302436021458,
    "F1": 0.0296247215180149,
    "TP": 3085,
    "FP": 114219,
    "FN": 87883,
    "density_analysis": {
      "low": {
        "mAP_50": 0.011900826446280991,
        "AR_100": 0.15,
        "precision": 0.030456852791878174,
        "recall": 0.15,
        "F1": 0.05063291139240507,
        "TP": 6,
        "FP": 191,
        "FN": 34,
        "n_images": 1
      },
      "medium": {
        "mAP_50": 0.012121212121212121,
        "AR_100": 0.043784555020510076,
        "precision": 0.027659634397093204,
        "recall": 0.043784555020510076,
        "F1": 0.03390240113238163,
        "TP": 1964,
        "FP": 69042,
        "FN": 42892,
        "n_images": 356
      },
      "high": {
        "mAP_50": 0.09090909090909091,
        "AR_100": 0.02420125021705157,
        "precision": 0.024186026333485173,
        "recall": 0.02420125021705157,
        "F1": 0.024193635880355415,
        "TP": 1115,
        "FP": 44986,
        "FN": 44957,
        "n_images": 231
      }
    },
    "eval_time": 270.76726627349854,
    "delta_mAP_50": 0.0,
    "delta_AR_100": 0.0,
    "delta_F1": 0.0
  },
  "hard_nms": {
    "mAP_50": 0.0004478280340349306,
    "AR_100": 0.0007585084865007475,
    "precision": 0.000586734693877551,
    "recall": 0.0007585084865007475,
    "F1": 0.0006616547121322542,
    "TP": 69,
    "FP": 117531,
    "FN": 90899,
    "density_analysis": {
      "low": {
        "mAP_50": 0.0,